KTOS,-56
free_wifi,-61
DIRECT-A8-HP OfficeJet Pro 8730,-61
EMLAB,-65
Vijecnici,-66
fesb-mobile,-66
predavaonice,-66
eduroam,-67
EMLAB,-73
Radio Data,-74
KTOS,-53
free_wifi,-60
DIRECT-A8-HP OfficeJet Pro 8730,-63
Novinari,-66
eduroam,-67
fesb-mobile,-67
predavaonice,-67
Konferencija,-67
SDZ,-67
EMLAB,-68
KTOS,-51
free_wifi,-63
Vijecnici,-67
Konferencija,-67
EMLAB,-68
eduroam,-68
Novinari,-68
SDZ,-68
DIRECT-A8-HP OfficeJet Pro 8730,-69
fesb-mobile,-69
KTOS,-51
DIRECT-A8-HP OfficeJet Pro 8730,-52
free_wifi,-61
predavaonice,-66
SDZ,-66
Vijecnici,-66
EMLAB,-67
eduroam,-67
Konferencija,-67
Novinari,-67
KTOS,-52
free_wifi,-61
EMLAB,-63
SDZ,-66
Vijecnici,-67
eduroam,-67
fesb-mobile,-67
Novinari,-67
Konferencija,-67
predavaonice,-68
DIRECT-A8-HP OfficeJet Pro 8730,-55
KTOS,-56
free_wifi,-59
EMLAB,-64
Vijecnici,-65
eduroam,-66
Novinari,-66
fesb-mobile,-66
predavaonice,-66
Konferencija,-66
KTOS,-54
free_wifi,-59
predavaonice,-62
DIRECT-A8-HP OfficeJet Pro 8730,-63
eduroam,-65
EMLAB,-66
Novinari,-66
Vijecnici,-66
Konferencija,-66
fesb-mobile,-67
KTOS,-52
DIRECT-A8-HP OfficeJet Pro 8730,-57
free_wifi,-59
Novinari,-64
eduroam,-64
EMLAB,-66
IoT Lab,-70
EMLAB,-75
Radio Data,-79
TesLAB,-79
DIRECT-A8-HP OfficeJet Pro 8730,-52
KTOS,-54
free_wifi,-60
EMLAB,-65
eduroam,-65
Novinari,-65
Vijecnici,-65
fesb-mobile,-65
predavaonice,-65
Konferencija,-66
DIRECT-A8-HP OfficeJet Pro 8730,-53
free_wifi,-58
KTOS,-60
SDZ,-63
Novinari,-64
eduroam,-64
Vijecnici,-64
fesb-mobile,-64
predavaonice,-64
Konferencija,-64
DIRECT-A8-HP OfficeJet Pro 8730,-51
KTOS,-52
free_wifi,-60
Konferencija,-66
eduroam,-66
Novinari,-66
Vijecnici,-66
fesb-mobile,-66
EMLAB,-67
predavaonice,-67
DIRECT-A8-HP OfficeJet Pro 8730,-50
KTOS,-54
free_wifi,-59
Konferencija,-65
eduroam,-65
Vijecnici,-65
SDZ,-65
Novinari,-66
fesb-mobile,-66
predavaonice,-66
KTOS,-54
free_wifi,-59
DIRECT-A8-HP OfficeJet Pro 8730,-64
Vijecnici,-64
fesb-mobile,-64
eduroam,-65
Novinari,-65
predavaonice,-65
Konferencija,-65
SDZ,-65
KTOS,-56
free_wifi,-59
DIRECT-A8-HP OfficeJet Pro 8730,-62
Vijecnici,-65
eduroam,-66
Novinari,-66
fesb-mobile,-66
predavaonice,-66
Konferencija,-66
SDZ,-66
DIRECT-A8-HP OfficeJet Pro 8730,-51
KTOS,-53
free_wifi,-58
Vijecnici,-64
predavaonice,-64
Konferencija,-64
eduroam,-65
Novinari,-65
fesb-mobile,-65
SDZ,-65
KTOS,-54
DIRECT-A8-HP OfficeJet Pro 8730,-56
free_wifi,-58
eduroam,-65
Novinari,-65
Vijecnici,-65
predavaonice,-65
Konferencija,-65
SDZ,-65
EMLAB,-66
DIRECT-A8-HP OfficeJet Pro 8730,-51
KTOS,-54
free_wifi,-60
EMLAB,-65
eduroam,-65
Novinari,-65
Vijecnici,-65
predavaonice,-65
SDZ,-65
fesb-mobile,-66
DIRECT-A8-HP OfficeJet Pro 8730,-51
KTOS,-55
free_wifi,-60
predavaonice,-66
eduroam,-66
Novinari,-66
Vijecnici,-66
fesb-mobile,-66
Konferencija,-66
SDZ,-66
KTOS,-53
DIRECT-A8-HP OfficeJet Pro 8730,-56
free_wifi,-60
EMLAB,-65
predavaonice,-65
SDZ,-65
eduroam,-65
Vijecnici,-66
fesb-mobile,-66
Konferencija,-66
KTOS,-54
free_wifi,-60
DIRECT-A8-HP OfficeJet Pro 8730,-62
eduroam,-65
Novinari,-66
EMLAB,-67
Radio Data,-75
TesLAB,-78
TP-Link_27F9,-80
EMLAB,-81
DIRECT-A8-HP OfficeJet Pro 8730,-54
KTOS,-55
free_wifi,-60
eduroam,-65
EMLAB,-66
IoT Lab,-73
EMLAB,-74
Radio Data,-75
TesLAB,-78
Priva,-79
DIRECT-A8-HP OfficeJet Pro 8730,-53
KTOS,-55
free_wifi,-61
SDZ,-65
eduroam,-66
Novinari,-66
Vijecnici,-66
fesb-mobile,-66
predavaonice,-66
Konferencija,-66
KTOS,-56
free_wifi,-60
DIRECT-A8-HP OfficeJet Pro 8730,-64
Novinari,-64
Konferencija,-64
SDZ,-64
EMLAB,-65
Vijecnici,-65
fesb-mobile,-65
predavaonice,-65
KTOS,-54
free_wifi,-59
DIRECT-A8-HP OfficeJet Pro 8730,-64
Novinari,-65
Vijecnici,-65
fesb-mobile,-65
predavaonice,-65
Konferencija,-65
SDZ,-65
eduroam,-66
KTOS,-54
free_wifi,-59
DIRECT-A8-HP OfficeJet Pro 8730,-61
eduroam,-65
SDZ,-65
EMLAB,-66
Novinari,-66
Vijecnici,-66
fesb-mobile,-66
predavaonice,-66
KTOS,-53
free_wifi,-59
DIRECT-A8-HP OfficeJet Pro 8730,-63
fesb-mobile,-64
eduroam,-64
Novinari,-64
Konferencija,-64
SDZ,-64
Vijecnici,-65
predavaonice,-65
KTOS,-54
DIRECT-A8-HP OfficeJet Pro 8730,-59
free_wifi,-60
eduroam,-65
Novinari,-65
EMLAB,-67
IoT Lab,-73
Radio Data,-74
EMLAB,-76
Novinari,-78
KTOS,-54
free_wifi,-61
DIRECT-A8-HP OfficeJet Pro 8730,-63
eduroam,-64
EMLAB,-66
EMLAB,-70
predavaonice,-77
Radio Data,-77
IoT Lab,-77
B-318,-78
KTOS,-56
free_wifi,-61
DIRECT-A8-HP OfficeJet Pro 8730,-63
EMLAB,-66
eduroam,-66
EMLAB,-74
Radio Data,-76
fesb-mobile,-77
TesLAB,-77
IoT Lab,-78
KTOS,-57
free_wifi,-60
Vijecnici,-63
DIRECT-A8-HP OfficeJet Pro 8730,-64
eduroam,-64
Novinari,-64
fesb-mobile,-65
predavaonice,-65
Konferencija,-66
EMLAB,-67
DIRECT-A8-HP OfficeJet Pro 8730,-49
KTOS,-52
free_wifi,-57
Novinari,-65
SDZ,-65
Vijecnici,-65
fesb-mobile,-65
predavaonice,-65
EMLAB,-66
eduroam,-66
DIRECT-A8-HP OfficeJet Pro 8730,-51
KTOS,-55
free_wifi,-61
EMLAB,-65
SDZ,-68
Novinari,-69
eduroam,-69
Vijecnici,-69
fesb-mobile,-69
predavaonice,-69
KTOS,-54
DIRECT-A8-HP OfficeJet Pro 8730,-59
free_wifi,-62
EMLAB,-65
Novinari,-66
eduroam,-68
TP-Link_27F9,-74
Radio Data,-75
EMLAB,-78
TesLAB,-78
free_wifi,-61
DIRECT-A8-HP OfficeJet Pro 8730,-61
KTOS,-61
eduroam,-69
EMLAB,-70
EMLAB,-74
Radio Data,-75
IoT Lab,-76
TesLAB,-79
Priva,-80
KTOS,-56
DIRECT-A8-HP OfficeJet Pro 8730,-57
free_wifi,-62
EMLAB,-65
Vijecnici,-65
fesb-mobile,-65
eduroam,-66
Konferencija,-66
SDZ,-66
predavaonice,-67
DIRECT-A8-HP OfficeJet Pro 8730,-52
KTOS,-56
free_wifi,-63
EMLAB,-67
Novinari,-67
EMLAB,-76
Radio Data,-76
IoT Lab,-76
TesLAB,-80
B-318,-84
KTOS,-56
free_wifi,-60
DIRECT-A8-HP OfficeJet Pro 8730,-60
fesb-mobile,-65
eduroam,-66
Novinari,-66
Vijecnici,-66
predavaonice,-66
Konferencija,-66
EMLAB,-67
DIRECT-A8-HP OfficeJet Pro 8730,-50
KTOS,-53
free_wifi,-58
EMLAB,-66
Novinari,-66
Konferencija,-67
eduroam,-67
Vijecnici,-67
predavaonice,-67
fesb-mobile,-68
free_wifi,-59
KTOS,-59
DIRECT-A8-HP OfficeJet Pro 8730,-64
EMLAB,-65
fesb-mobile,-65
predavaonice,-65
eduroam,-66
EMLAB,-68
IoT Lab,-75
Radio Data,-77
KTOS,-58
free_wifi,-59
EMLAB,-65
eduroam,-65
Novinari,-66
DIRECT-A8-HP OfficeJet Pro 8730,-71
EMLAB,-72
TesLAB,-77
Radio Data,-78
Vijecnici,-79
DIRECT-A8-HP OfficeJet Pro 8730,-52
KTOS,-57
eduroam,-66
Konferencija,-66
SDZ,-66
EMLAB,-67
Vijecnici,-67
fesb-mobile,-67
predavaonice,-67
free_wifi,-69
DIRECT-A8-HP OfficeJet Pro 8730,-50
KTOS,-58
free_wifi,-59
EMLAB,-66
fesb-mobile,-66
eduroam,-66
Vijecnici,-66
Konferencija,-66
SDZ,-66
Novinari,-67
D